fetchedAt,channelId,channelTitle,videoId,title,publishedAt,views,likes,comments,duration,durationSec,categoryId,tags,position
2025-10-07T03:51:08+00:00,UCJV4dvSN1E08gC2-HU1ppyA,KOY Music Group,mzVRkF7rHD0,MIXTAPE TIKTOK 2025 - N·∫ÆNG D∆Ø·ªöI CH√ÇN M√ÇY (DUCBUI REMIX) - NH√åN B·∫¶U TR·ªúI T·ªêI D∆Ø·ªöI √ÅNH ƒê√àN M·ªú D·∫¶N L·ªêI,2025-08-10T12:01:34Z,2427,23,1,PT1H40S,3640,10,koy|koy music|koy music group|nhac tiktok|nh·∫°c tiktok|tiktok remix|tiktok remix 2022|tiktok remix 2023|nhac xu huong tiktok|nh·∫°c xu h∆∞·ªõng tiktok,0
2025-10-07T03:51:08+00:00,UCJV4dvSN1E08gC2-HU1ppyA,KOY Music Group,hCKnDRiW7Mk,Thanh T·ªã (Ho√†ng ƒê·ª©c Remix) - Nh·∫°c Trung Remix CƒÉng C·ª±c 2025,2025-07-19T12:48:15Z,6258,49,13,PT5M20S,320,10,koy|koy music|koy music group|nhac tiktok|nh·∫°c tiktok|tiktok remix|tiktok remix 2022|tiktok remix 2023|nhac xu huong tiktok|nh·∫°c xu h∆∞·ªõng tiktok,1
2025-10-07T03:51:08+00:00,UCJV4dvSN1E08gC2-HU1ppyA,KOY Music Group,xWCKxiwOGEI,Where U At (LD Remix) - Andree Right Hand x JC H∆∞ng | Qu√° Kh·ª© Kia C·ªßa Anh Ch·ªâ To√†n L√† Hot TikTok,2025-05-13T14:14:36Z,11235,92,1,PT4M34S,274,10,koy|koy music|koy music group|nhac tiktok|nh·∫°c tiktok|tiktok remix|tiktok remix 2022|tiktok remix 2023|nhac xu huong tiktok|nh·∫°c xu h∆∞·ªõng tiktok|andree right hand|andree|where u at|where u at remix|where u at andree right hand|where u at remix tiktok|where u at tiktok|where u at jc h∆∞ng|jc h∆∞ng|qu√° kh·ª© kia c·ªßa anh|qu√° kh·ª© kia c·ªßa anh remix|qu√° kh∆∞ kia c·ªßa anh ch·ªâ c√≤n l·∫°i nh·ªØng gi√° bƒÉng|jd|jd remix|andree right hand jc h∆∞ng|jc hung|music tiktok,2
2025-10-07T03:51:08+00:00,UCJV4dvSN1E08gC2-HU1ppyA,KOY Music Group,bGig-Tt8RA0,ƒê√¢u Ph·∫£i Cho Anh (Natra x Rimi Remix) - Ph√°t Lee x TVk | V·∫≠y Tr√°i Tim Ng∆∞·ªùi ƒêem Trao Cho Ai Remix,2025-05-03T11:37:52Z,13278,46,2,PT5M11S,311,10,koy|koy music|koy music group|nhac tiktok|nh·∫°c tiktok|tiktok remix|tiktok remix 2022|tiktok remix 2023|nhac xu huong tiktok|nh·∫°c xu h∆∞·ªõng tiktok|dau phai cho anh|ƒë√¢u ph·∫£i cho anh|dau phai cho anh phat lee x tvk|ƒë√¢u ph·∫£i cho anh ph√°t lee x tvk|phat lee|tvk|ph√°t lee|dau phai cho anh remix|ƒë√¢u ph·∫£i cho anh remix|dau phai cho anh remix tiktok|ƒë√¢u ph·∫£i cho anh remix tiktok|V·∫≠y Tr√°i Tim Ng∆∞·ªùi ƒêem Trao Cho Ai Remix|natra x rimi|natra x rimi remix,3
2025-10-07T03:51:08+00:00,UCJV4dvSN1E08gC2-HU1ppyA,KOY Music Group,T7yYF1Lwjv8,"C√¥ G√°i √Ä, Em ƒê·ª´ng Kh√≥c N·ªØa (ƒê√¥ng x Thazh Remix) - Thi√™n T√∫ | Nh·∫°c Viral Hot Trend Tiktok 2025",2025-04-12T08:59:36Z,30016,234,3,PT3M27S,207,10,koy music group|nhac tiktok|nh·∫°c tiktok|tiktok remix|tiktok remix 2025|nhac xu huong tiktok|nh·∫°c xu h∆∞·ªõng tiktok|thien tu|thi√™n t√∫|thien tu hot tiktok|thi√™n t√∫ hot tiktok|co gai a remix|c√¥ g√°i √† remix|co gai a em dung khoc nua|c√¥ g√°i √† em ƒë·ª´ng kh√≥c n·ªØa|co gai a em dung khoc nua remix|co gai a em dung khoc nua thien tu|c√¥ g√°i √† em ƒë·ª´ng kh√≥c n·ªØa thi√™n t√∫|co gai a em dung khoc nua tiktok|thazh x dong remix|thazh x ƒë√¥ng remix|nhac viral tiktok,4
2025-10-07T03:51:08+00:00,UCJV4dvSN1E08gC2-HU1ppyA,KOY Music Group,y0xWI0ORaU8,[MIXTAPE] ƒê√ÅY BI·ªÇN X BAD HABITS (MINHAK X JAPANDEE REMIX) | LIST NH·∫†C QU·∫®Y T·∫æT 2025,2025-01-08T11:01:57Z,30296,325,11,PT1H6M51S,4011,10,koy|koy music|koy music group|nhac tiktok|nh·∫°c tiktok|tiktok remix|tiktok remix 2022|tiktok remix 2023|nhac xu huong tiktok|nh·∫°c xu h∆∞·ªõng tiktok|minhak|minh ak|minhak remix|minh ak remix|japandee|japandee remix|day bien|ƒë√°y bi·ªÉn|day bien remix|ƒë√°y bi·ªÉn remix|day bien minhak|ƒë√°y bi·ªÉn minhak|bad habits japandee|bad habits japandee remix,5
2025-10-07T03:51:08+00:00,UCJV4dvSN1E08gC2-HU1ppyA,KOY Music Group,IBq9weyPZ3o,3IN1 - T·ª© Ng√£ x C·∫£m Gi√°c T·ªôi L·ªói x Quy Linh (Minh AK Remix) ~ Nh·∫°c Phi√™u Tiktok 2025,2024-12-16T13:00:11Z,12803,117,7,PT5M20S,320,10,koy|koy music|koy music group|nhac tiktok|nh·∫°c tiktok|tiktok remix|tiktok remix 2022|tiktok remix 2023|nhac xu huong tiktok|nh·∫°c xu h∆∞·ªõng tiktok,6
2025-10-07T03:51:08+00:00,UCJV4dvSN1E08gC2-HU1ppyA,KOY Music Group,Ny4w4pZWnIs,V·∫°n Ni√™n T∆∞ 2 - MinhAK Remix | C·ª±c Ph·∫©m Qu·∫©y T·∫øt 2025,2024-11-25T12:50:31Z,18158,144,6,PT5M37S,337,10,koy|koy music|koy music group|nhac tiktok|nh·∫°c tiktok|tiktok remix|tiktok remix 2022|tiktok remix 2023|nhac xu huong tiktok|nh·∫°c xu h∆∞·ªõng tiktok,7
2025-10-07T03:51:08+00:00,UCJV4dvSN1E08gC2-HU1ppyA,KOY Music Group,ANNFGlJWi-s,Nh·∫•t Xu·∫•t H·∫£o H√≠ - MinhAK Remix | Nh·∫°c Chill Tiktok 2024,2024-11-11T12:20:14Z,12511,79,4,PT5M39S,339,10,koy|koy music|koy music group|nhac tiktok|nh·∫°c tiktok|tiktok remix|tiktok remix 2022|tiktok remix 2023|nhac xu huong tiktok|nh·∫°c xu h∆∞·ªõng tiktok|nhat xuat hao hi|nh·∫•t xu·∫•t h·∫£o h√≠|nhat xuat hao hi remix|nh·∫•t xu·∫•t h·∫£o h√≠ remix|nhat xuat hao hi minhak|nh·∫•t xu·∫•t h·∫£o h√≠ minhak|nhat xuat hao hi minhak remix|nh·∫•t xu·∫•t h·∫£o h√≠ minhak remix|minhak|minhak remix|nhac chill tiktok|nh·∫°c chill tiktok,8
2025-10-07T03:51:08+00:00,UCJV4dvSN1E08gC2-HU1ppyA,KOY Music Group,5rWVgOQDU5E,C√¥ng T·ª≠ A (Wilin Remix) ~ Nh·∫°c Hoa Remix Tiktok 2024,2024-09-27T12:00:26Z,6750,75,5,PT3M21S,201,10,koy|koy music|koy music group|nhac tiktok|nh·∫°c tiktok|tiktok remix|tiktok remix 2022|tiktok remix 2023|nhac xu huong tiktok|nh·∫°c xu h∆∞·ªõng tiktok,9
2025-10-07T03:51:08+00:00,UCJV4dvSN1E08gC2-HU1ppyA,KOY Music Group,jAC9gjPhLWs,SEFF - Hawak Remix | Nh·∫°c T·∫©m ƒê√° Hot Tiktok 2024,2024-09-07T10:45:04Z,13646,118,1,PT2M52S,172,10,koy|koy music|koy music group|nhac tiktok|nh·∫°c tiktok|tiktok remix|tiktok remix 2022|tiktok remix 2023|nhac xu huong tiktok|nh·∫°c xu h∆∞·ªõng tiktok|seff|seff hawak|seff hawak remix|hawak|hawak remix|nhac tam da tiktok|nh·∫°c t·∫©m ƒë√° tiktok,10
2025-10-07T03:51:08+00:00,UCJV4dvSN1E08gC2-HU1ppyA,KOY Music Group,-EEMpoKKtp4,N·∫øu V√≠ Anh Nh∆∞ - Hawak Remix | Nh·∫°c Trung Remix Hot Tiktok 2024,2024-08-06T12:50:48Z,36558,194,1,PT3M31S,211,10,koy|koy music|koy music group|nhac tiktok|nh·∫°c tiktok|tiktok remix|tiktok remix 2022|tiktok remix 2023|nhac xu huong tiktok|nh·∫°c xu h∆∞·ªõng tiktok,11
2025-10-07T03:51:08+00:00,UCJV4dvSN1E08gC2-HU1ppyA,KOY Music Group,0fUtSVZVr4g,N·∫øu V√≠ Anh Nh∆∞ (TVS Remix) | Nh·∫°c Trung Remix Viral Tiktok 2024,2024-07-04T11:07:29Z,60287,287,4,PT4M12S,252,10,koy|koy music|koy music group|nhac tiktok|nh·∫°c tiktok|tiktok remix|tiktok remix 2022|tiktok remix 2023|nhac xu huong tiktok|nh·∫°c xu h∆∞·ªõng tiktok,12
2025-10-07T03:51:08+00:00,UCJV4dvSN1E08gC2-HU1ppyA,KOY Music Group,SMEnRgtMTKY,"N·∫øu V√≠ Anh Nh∆∞ (ShinnCV Remix) | T·ª•i M√¨nh Ch·ª´ng N√†o G·∫∑p M·∫∑t Nhau, V√†o L√∫c Hoa N·ªü Xu√¢n NƒÉm T·ªõi Tiktok",2024-07-03T11:16:56Z,38028,487,6,PT4M43S,283,10,koy|koy music|koy music group|nhac tiktok|nh·∫°c tiktok|tiktok remix|tiktok remix 2022|tiktok remix 2023|nhac xu huong tiktok|nh·∫°c xu h∆∞·ªõng tiktok|neu vi anh nhu|n·∫øu v√≠ anh nh∆∞|neu vi anh nhu shinncv|n·∫øu v√≠ anh nh∆∞ shinncv|neu vi anh nhu shinncv remix|n·∫øu v√≠ anh nh∆∞ shinncv remix|shinncv|shinncv remix|neu vi anh nhu tiktok|n·∫øu v√≠ anh nh∆∞ tiktok|neu vi anh nhu thazh remix|thazh remix|neu vi anh nhu remix tiktok|n·∫øu v√≠ anh nh∆∞ remix tiktok,13
2025-10-07T03:51:08+00:00,UCJV4dvSN1E08gC2-HU1ppyA,KOY Music Group,-YzzfpsqS8g,T·ª´ C·ª≠u M√¥n H·ªìi ·ª®c - TVS Remix | C·ª±c Ph·∫©m Nh·∫°c Trung Hot Tiktok 2024,2024-06-26T11:52:32Z,32551,198,12,PT5M28S,328,10,koy|koy music|koy music group|nhac tiktok|nh·∫°c tiktok|tiktok remix|tiktok remix 2022|tiktok remix 2023|nhac xu huong tiktok|nh·∫°c xu h∆∞·ªõng tiktok,14
2025-10-07T03:51:08+00:00,UCJV4dvSN1E08gC2-HU1ppyA,KOY Music Group,dJXRLYr86W8,Nh√¢n Sinh Qu√°n ft. T·ª´ C·ª≠u M√¥n H·ªìi ·ª®c (TVS Remix) - Jin Tu·∫•n Nam,2024-06-08T11:07:52Z,22474,193,9,PT3M56S,236,10,koy|koy music|koy music group|nhac tiktok|nh·∫°c tiktok|tiktok remix|tiktok remix 2022|tiktok remix 2023|nhac xu huong tiktok|nh·∫°c xu h∆∞·ªõng tiktok,15
2025-10-07T03:51:08+00:00,UCJV4dvSN1E08gC2-HU1ppyA,KOY Music Group,vbrbtBPy72U,S·∫µn S√†ng Y√™u Em ƒêi Th√¥i (TVS Remix) - WONI x Minh T√∫ | T√≠ch t·ªãch t√¨nh tang Con cua b√≤ ngang v·∫°n ki·∫øp,2024-06-07T09:24:46Z,18755,141,5,PT4M40S,280,10,koy|koy music|koy music group|nhac tiktok|nh·∫°c tiktok|tiktok remix|tiktok remix 2022|tiktok remix 2023|nhac xu huong tiktok|nh·∫°c xu h∆∞·ªõng tiktok,16
2025-10-07T03:51:08+00:00,UCJV4dvSN1E08gC2-HU1ppyA,KOY Music Group,8Ux-f6_D4Uw,Nh√¢n Sinh Qu√°n (T·ª´ C·ª≠u M√¥n H·ªìi ·ª®c) - Jin Tu·∫•n Nam [TVS Remix] | ƒê√¥ng Thu·ª∑ Ngo·∫°n T√¢y N√∫i Cao Remix,2024-06-04T10:51:10Z,11936,82,7,PT5M39S,339,10,koy music group|nhac tiktok|nh·∫°c tiktok|tiktok remix|tiktok remix 2022|tiktok remix 2023|nhac xu huong tiktok|nh·∫°c xu h∆∞·ªõng tiktok|nhan sinh quan|nh√¢n sinh qu√°n|nhan sinh quan remix|nhan sinh quan jin tuan nam|nh√¢n sinh qu√°n jin tu·∫•n nam|nhan sinh quan jin tuan nam remix|nh√¢n sinh qu√°n jin tu·∫•n nam remix|jin tuan nam|jin tu·∫•n nam|jin tuan nam remix|jin tu·∫•n nam remix|thich minh tue|th√≠ch minh tu·ªá|nhac thich minh tue|nhac thich minh tue remix,17
2025-10-07T03:51:08+00:00,UCJV4dvSN1E08gC2-HU1ppyA,KOY Music Group,p6FhCfTmBeQ,MIXTAPE 2024 - C·ª∞C PH·∫®M TR√çCH TI√äN X TAMADA (JAPANDEE X VUQUAN REMIX) - NH·∫†C VIRAL TIKTOK 2024,2024-05-24T10:13:31Z,87537,1006,38,PT52M5S,3125,10,koy|koy music|koy music group|nhac tiktok|nh·∫°c tiktok|tiktok remix|tiktok remix 2022|tiktok remix 2023|nhac xu huong tiktok|nh·∫°c xu h∆∞·ªõng tiktok,18
2025-10-07T03:51:08+00:00,UCJV4dvSN1E08gC2-HU1ppyA,KOY Music Group,g7O3VNf3S14,Tr√≠ch Ti√™n (VuQuan Remix) | Nh·∫°c Trung Remix Hot Trend Tiktok 2024,2024-05-17T11:02:04Z,4010021,13320,141,PT4M55S,295,10,koy|koy music|koy music group|nhac tiktok|nh·∫°c tiktok|tiktok remix|tiktok remix 2022|tiktok remix 2023|nhac xu huong tiktok|nh·∫°c xu h∆∞·ªõng tiktok|trich tien|tr√≠ch ti√™n|trich tien remix|tr√≠ch ti√™n remix|trich tien vuquan|tr√≠ch ti√™n vuquan|trich tien vuquan remix|tr√≠ch ti√™n vuquan remix|vuquan|vuquan remix,19
2025-10-07T03:51:08+00:00,UCJV4dvSN1E08gC2-HU1ppyA,KOY Music Group,vRbPIsfUHQU,(1 Hour) TAMADA - JAPANDEE Remix | Nh·∫°c Hot Trend Tr∆∞·ª£t Tuy·∫øn Tiktok,2024-05-09T13:09:30Z,100205,850,21,PT1H2M13S,3733,10,koy|koy music|koy music group|nhac tiktok|nh·∫°c tiktok|tiktok remix|tiktok remix 2022|tiktok remix 2023|nhac xu huong tiktok|nh·∫°c xu h∆∞·ªõng tiktok,20
2025-10-07T03:51:08+00:00,UCJV4dvSN1E08gC2-HU1ppyA,KOY Music Group,31F6zvk5Yk0,MIXTAPE NH·∫†C ƒê√Å - TAMADA X HAVANA VER FIX (JAPANDEE REMIX) - FULL SET NH·∫†C HOT TIKTOK 2024,2024-04-15T10:53:29Z,414313,4707,106,PT51M57S,3117,10,koy|koy music|koy music group|nhac tiktok|nh·∫°c tiktok|tiktok remix|tiktok remix 2022|tiktok remix 2023|nhac xu huong tiktok|nh·∫°c xu h∆∞·ªõng tiktok|tamada|tamada remix|tamada japandee|tamada japandee remix|japandee|japandee remix|havana japandee|havana ver fix japandee,21
2025-10-07T03:51:08+00:00,UCJV4dvSN1E08gC2-HU1ppyA,KOY Music Group,0xWq3PYk0BY,√îi M·∫•t R√¨u - Th·∫ø Anh Shinichi x Puddingiln (Hawak x Dobin Remix),2024-03-25T13:24:51Z,97977,543,17,PT3M39S,219,10,koy|koy music|koy music group|nhac tiktok|nh·∫°c tiktok|tiktok remix|tiktok remix 2022|tiktok remix 2023|nhac xu huong tiktok|nh·∫°c xu h∆∞·ªõng tiktok,22
2025-10-07T03:51:08+00:00,UCJV4dvSN1E08gC2-HU1ppyA,KOY Music Group,oJS4tawIxpM,ƒê√™m ·ªû Ulan Bator (BT Remix) | Nh·∫°c Trung Xu H∆∞·ªõng Tiktok 2024,2024-02-20T11:49:48Z,81944,589,18,PT5M13S,313,10,koy|koy music|koy music group|nhac tiktok|nh·∫°c tiktok|tiktok remix|tiktok remix 2022|tiktok remix 2023|nhac xu huong tiktok|nh·∫°c xu h∆∞·ªõng tiktok,23
2025-10-07T03:51:08+00:00,UCJV4dvSN1E08gC2-HU1ppyA,KOY Music Group,GnYs1sXM9fs,Buttons (ƒêƒÉng Long Remix) | Nh·∫°c Nghe M√πng 1 T·∫øt!,2024-02-10T11:01:50Z,245721,1762,21,PT4M47S,287,10,koy|koy music|koy music group|nhac tiktok|nh·∫°c tiktok|tiktok remix|tiktok remix 2022|tiktok remix 2023|nhac xu huong tiktok|nh·∫°c xu h∆∞·ªõng tiktok,24
2025-10-07T03:51:08+00:00,UCJV4dvSN1E08gC2-HU1ppyA,KOY Music Group,VNyf0e-3Rl4,Nh·∫°c N√†y D√≠nh Qu√° x Du Kinh (ShinnCV Remix) | Congratulations 100N Subscribers,2024-01-18T13:12:17Z,62967,765,20,PT3M51S,231,10,koy|koy music|koy music group|nhac tiktok|nh·∫°c tiktok|tiktok remix|tiktok remix 2022|tiktok remix 2023|nhac xu huong tiktok|nh·∫°c xu h∆∞·ªõng tiktok,25
2025-10-07T03:51:08+00:00,UCJV4dvSN1E08gC2-HU1ppyA,KOY Music Group,GlDNRNG8HZ0,T·ª´ C·ª≠u M√¥n H·ªìi ·ª®c - Silver Smoke Remix | B·∫£n Nh·∫°c Huy·ªÅn Tho·∫°i Xu H∆∞·ªõng Tiktok,2024-01-11T11:26:51Z,34383,351,15,PT3M50S,230,10,koy|koy music|koy music group|nhac tiktok|nh·∫°c tiktok|tiktok remix|tiktok remix 2022|tiktok remix 2023|nhac xu huong tiktok|nh·∫°c xu h∆∞·ªõng tiktok,26
2025-10-07T03:51:08+00:00,UCJV4dvSN1E08gC2-HU1ppyA,KOY Music Group,a21U5pX8T0I,MIXTAPE 2023 - C·ª∞C PH·∫®M TAMADA (JAPANDEE REMIX) - NH·∫†C HOT TREND TR∆Ø·ª¢T TUY·∫æT TIKTOK 2023,2023-12-29T11:30:00Z,36350,454,22,PT59M59S,3599,10,koy|koy music|koy music group|nhac tiktok|nh·∫°c tiktok|tiktok remix|tiktok remix 2022|tiktok remix 2023|nhac xu huong tiktok|nh·∫°c xu h∆∞·ªõng tiktok,27
2025-10-07T03:51:08+00:00,UCJV4dvSN1E08gC2-HU1ppyA,KOY Music Group,ObM9dpxq94s,Ti·ªÉu N·∫°p - Silver Smoke Remix | Nh·∫°c Hoa Remix Xu H∆∞·ªõng Tiktok 2024,2023-12-23T06:00:11Z,47258,562,15,PT6M25S,385,10,koy|koy music|koy music group|nhac tiktok|nh·∫°c tiktok|tiktok remix|tiktok remix 2022|tiktok remix 2023|nhac xu huong tiktok|nh·∫°c xu h∆∞·ªõng tiktok,28
2025-10-07T03:51:08+00:00,UCJV4dvSN1E08gC2-HU1ppyA,KOY Music Group,f9Ty3r01rQw,Sao Tr√™n Tr·ªùi (Silver Smoke Remix) | Nh·∫°c Remix Xu H∆∞·ªõng Tiktok 2023,2023-12-10T12:43:50Z,430963,3162,59,PT7M12S,432,10,koy|koy music|koy music group|nhac tiktok|nh·∫°c tiktok|tiktok remix|tiktok remix 2022|tiktok remix 2023|nhac xu huong tiktok|nh·∫°c xu h∆∞·ªõng tiktok|sao tren troi|sao tr√™n tr·ªùi|sao tren troi remix|sao tr√™n tr·ªùi remix|sao tren troi silver smoke|sao tr√™n tr·ªùi silver smoke|sao tren troi silver smoke remix|sao tr√™n tr·ªùi silver smoke remix|silver smoke|smoke media,29
2025-10-07T03:51:08+00:00,UCJV4dvSN1E08gC2-HU1ppyA,KOY Music Group,uhPFujz5-gk,Kh√¥ng Qua ƒê∆∞·ª£c V√≤ng Lu√¢n H·ªìi (Silver Smoke Remix) | Nh·∫°c Xu H∆∞·ªõng Tiktok 2023,2023-12-03T10:25:00Z,5309964,25385,325,PT5M27S,327,10,koy|koy music|koy music group|nhac tiktok|nh·∫°c tiktok|tiktok remix|tiktok remix 2022|tiktok remix 2023|nhac xu huong tiktok|nh·∫°c xu h∆∞·ªõng tiktok,30
2025-10-07T03:51:08+00:00,UCJV4dvSN1E08gC2-HU1ppyA,KOY Music Group,spFq8hs9_Kc,Em C√≥ Nh·ªõ Anh Kh√¥ng - Hiya (Danxi Remix) | Nh·∫°c Hot Tiktok 2023,2023-11-24T09:05:40Z,40608,375,2,PT4M30S,270,10,koy|koy music|koy music group|nhac tiktok|nh·∫°c tiktok|tiktok remix|tiktok remix 2022|tiktok remix 2023|nhac xu huong tiktok|nh·∫°c xu h∆∞·ªõng tiktok|em co nho anh khong|em c√≥ nh·ªõ anh kh√¥ng|em co nho anh khong hiya|em c√≥ nh·ªõ anh kh√¥ng hiya|em co nho anh khong remix|em c√≥ nh·ªõ anh kh√¥ng remix|em co nho anh khong hiya remix|em c√≥ nh·ªõ anh kh√¥ng hiya remix|em co nho anh khong danxi|em c√≥ nh·ªõ anh kh√¥ng danxi|em co nho anh khong danxi remix,31
2025-10-07T03:51:08+00:00,UCJV4dvSN1E08gC2-HU1ppyA,KOY Music Group,IZhf5dwhIu4,Nothing Stopping Me (Silver Smoke Remix) | Congratulations T1 üèÜ,2023-11-23T08:07:22Z,570045,5044,76,PT4M44S,284,10,koy|koy music|koy music group|nhac tiktok|nh·∫°c tiktok|tiktok remix|tiktok remix 2022|tiktok remix 2023|nhac xu huong tiktok|nh·∫°c xu h∆∞·ªõng tiktok,32
2025-10-07T03:51:08+00:00,UCJV4dvSN1E08gC2-HU1ppyA,KOY Music Group,qWu3wW7CWJ8,ƒêi·ªÅu Ch∆∞a N√≥i (Danxi Remix) | M√πa ƒê√¥ng S·∫Ω ·∫§m H∆°n Khi Trong Tim C√≥ Ng∆∞·ªùi M√¨nh Th∆∞∆°ng Remix,2023-11-21T11:05:12Z,107042,797,10,PT3M8S,188,10,koy|koy music|koy music group|nhac tiktok|nh·∫°c tiktok|tiktok remix|tiktok remix 2022|tiktok remix 2023|nhac xu huong tiktok|nh·∫°c xu h∆∞·ªõng tiktok|dieu chua noi|ƒëi·ªÅu ch∆∞a n√≥i|dieu chua noi remix|ƒëi·ªÅu ch∆∞a n√≥i remix|dieu chua noi danxi|ƒëi·ªÅu ch∆∞a n√≥i danxi|dieu chua noi danxi remix|ƒëi·ªÅu ch∆∞a n√≥i danxi remix|danxi|danxi remix|con nhieu dieu chua noi chenh venh em chang thay duong ra,33
2025-10-07T03:51:08+00:00,UCJV4dvSN1E08gC2-HU1ppyA,KOY Music Group,9jYRQ2MVYUA,(1 Hour) M·ªôt V√≤ng Quay Th·ªùi Gian Ta L√† B·ª•i L√† S∆∞∆°ng L√† Gi√≥ Remix - T√¢m/Mer (Danxi Remix),2023-11-20T11:16:59Z,49479,544,22,PT1H26S,3626,10,koy|koy music|koy music group|nhac tiktok|nh·∫°c tiktok|tiktok remix|tiktok remix 2022|tiktok remix 2023|nhac xu huong tiktok|nh·∫°c xu h∆∞·ªõng tiktok|tam|t√¢m|tam remix|t√¢m remix|tam mer|t√¢m mer|tam mer remix|t√¢m mer remix|tam mer danxi|tam mer danxi remix|t√¢m mer danxi remix|danxi|danxi remix|mot vong quay thoi gian ta la bui la suong la gio|m·ªôt v√≤ng quay th·ªùi gian ta l√† b·ª•i l√† s∆∞∆°ng l√† gi√≥|mot vong quay thoi gian ta la bui la suong la gio remix,34
2025-10-07T03:51:08+00:00,UCJV4dvSN1E08gC2-HU1ppyA,KOY Music Group,qs9PgTeC_Co,Xin Em H√£y Y√™u Th∆∞∆°ng Cho Ng∆∞·ªùi D∆∞ng ·ªû Kh·∫Øp Tr·∫ßn Gian Remix - T√¢m Remix/Mer | Nh·∫°c Remix Hot Tiktok,2023-11-18T12:05:49Z,50438,476,16,PT2M26S,146,10,koy|koy music|koy music group|nhac tiktok|nh·∫°c tiktok|tiktok remix|tiktok remix 2022|tiktok remix 2023|nhac xu huong tiktok|nh·∫°c xu h∆∞·ªõng tiktok|tam|tam remix|tam mer|t√¢m|t√¢m remix|t√¢m mer|tam mer remix|t√¢m mer remix|tam koy music group|t√¢m koy music group,35
2025-10-07T03:51:08+00:00,UCJV4dvSN1E08gC2-HU1ppyA,KOY Music Group,I9JZlX2p3VM,T·ª© Ng√£ - VanTrung Remix | Nh·∫°c Hoa Hot Tiktok 2023,2023-11-15T08:03:35Z,18038,168,4,PT3M56S,236,10,koy|koy music|koy music group|nhac tiktok|nh·∫°c tiktok|tiktok remix|tiktok remix 2022|tiktok remix 2023|nhac xu huong tiktok|nh·∫°c xu h∆∞·ªõng tiktok,36
2025-10-07T03:51:08+00:00,UCJV4dvSN1E08gC2-HU1ppyA,KOY Music Group,5K_mik_QHUs,T√°t Nh·∫≠t L√£ng R·ª±c R·ª° (XmaXa Remix) | Nh·∫°c Hoa Xu H∆∞·ªõng Tiktok 2023,2023-11-09T10:49:35Z,15067,203,16,PT2M44S,164,10,koy|koy music|koy music group|nhac tiktok|nh·∫°c tiktok|tiktok remix|tiktok remix 2022|tiktok remix 2023|nhac xu huong tiktok|nh·∫°c xu h∆∞·ªõng tiktok|tat nhat lang ruc ro|t√°t nh·∫≠t l√£ng r·ª±c r·ª°|tat nhat lang ruc ro xmaxa|t√°t nh·∫≠t l√£ng r·ª±c r·ª° xmaxa|tat nhat lang ruc ro tiktok|t√°t nh·∫≠t l√£ng r·ª±c r·ª° tiktok|tat nhat lang ruc ro xmaxa remix|t√°t nh·∫≠t l√£ng r·ª±c r·ª° xmaxa remix,37
2025-10-07T03:51:08+00:00,UCJV4dvSN1E08gC2-HU1ppyA,KOY Music Group,LykQx2jXdao,Do Anh Ngh√®o x T√∫y H·ªìng Nhan (Minh Ph√πng x Vi·ªát Mino Remix),2023-10-26T11:08:22Z,736398,4954,155,PT5M32S,332,10,koy|koy music|koy music group|nhac tiktok|nh·∫°c tiktok|tiktok remix|tiktok remix 2022|tiktok remix 2023|nhac xu huong tiktok|nh·∫°c xu h∆∞·ªõng tiktok,38
2025-10-07T03:51:08+00:00,UCJV4dvSN1E08gC2-HU1ppyA,KOY Music Group,pv6rgr3mmx0,MIXTAPE 2023 - NH·∫†C TRUNG GIAM ƒêI·ªÜU CHILL NH∆ØNG SAD - GI√Å NH∆Ø PH·∫¢I N√ìI N·∫æU NH∆Ø (BT REMIX),2023-10-22T06:04:09Z,21982,367,22,PT55M51S,3351,10,koy|koy music|koy music group|nhac tiktok|nh·∫°c tiktok|tiktok remix|tiktok remix 2022|tiktok remix 2023|nhac xu huong tiktok|nh·∫°c xu h∆∞·ªõng tiktok,39
2025-10-07T03:51:08+00:00,UCJV4dvSN1E08gC2-HU1ppyA,KOY Music Group,VMwC4bKzitc,MIXTAPE 2023 - √ÇM NH·∫†C ƒê·∫¨M CH·∫§T MAFIA IN T∆† L√âT XU H∆Ø·ªöNG TIKTOK - TAMADA (JAPANDEE REMIX),2023-10-20T11:39:16Z,56125,869,32,PT48M21S,2901,10,koy|koy music|koy music group|nhac tiktok|nh·∫°c tiktok|tiktok remix|tiktok remix 2022|tiktok remix 2023|nhac xu huong tiktok|nh·∫°c xu h∆∞·ªõng tiktok|tamada|tamada remix|tamada japandee|tamada japandee remix|japandee|japandee remix|am nhac mafia|√¢m nh·∫°c mafia|am nhac mafia tiktok|√¢m nh·∫°c mafia tiktok,40
2025-10-07T03:51:08+00:00,UCJV4dvSN1E08gC2-HU1ppyA,KOY Music Group,IMg5XVjq-_o,Authentic x Mohican (ShinnCV Remix) | Nh·∫°c Check Var ·ªû M·ªôt Phi√™n B·∫£n Kh√°c,2023-10-10T10:45:02Z,45545,641,28,PT4M30S,270,10,koy|koy music|koy music group|nhac tiktok|nh·∫°c tiktok|tiktok remix|tiktok remix 2022|tiktok remix 2023|nhac xu huong tiktok|nh·∫°c xu h∆∞·ªõng tiktok|authentic|authentic remix|authentic check var|authentic shinncv|authentic shinncv remix|shinncv|shinncv remix|authentic tiktok|authetic remix tiktok,41
2025-10-07T03:51:08+00:00,UCJV4dvSN1E08gC2-HU1ppyA,KOY Music Group,0Z2t3imlV9Y,Unstoppable (ShinnCV Remix) | B·∫£n Nh·∫°c Huy·ªÅn Tho·∫°i ƒê·∫ßy Uy L·ª±c Remix Tiktok,2023-09-16T10:28:29Z,39131,682,21,PT5M11S,311,10,koy|koy music|koy music group|nhac tiktok|nh·∫°c tiktok|tiktok remix|tiktok remix 2022|tiktok remix 2023|nhac xu huong tiktok|nh·∫°c xu h∆∞·ªõng tiktok|Unstoppable|unstoppable remix|unstoppable shinncv|unstoppable shinncv remix|shinncv|shinncv remix|nh·∫°c tiktok remix|nhac tiktok remix,42
2025-10-07T03:51:08+00:00,UCJV4dvSN1E08gC2-HU1ppyA,KOY Music Group,mSZfsa9Qdng,Thanh Tr·ª´ (Minh Ph√πng Remix) | Nh·∫°c Hoa Remix Hot Tiktok 2023,2023-09-11T10:22:11Z,670202,4156,49,PT3M5S,185,10,koy|koy music|koy music group|nhac tiktok|nh·∫°c tiktok|tiktok remix|tiktok remix 2022|tiktok remix 2023|nhac xu huong tiktok|nh·∫°c xu h∆∞·ªõng tiktok,43
2025-10-07T03:51:08+00:00,UCJV4dvSN1E08gC2-HU1ppyA,KOY Music Group,Pq1dv7pXd5s,Fiction (ShinnCV Remix) | B·∫£n Nh·∫°c Huy·ªÅn Tho·∫°i Qua B√†n Tay Ph√°p S∆∞ VN,2023-09-07T10:33:19Z,54331,548,12,PT5M2S,302,10,koy|koy music|koy music group|nhac tiktok|nh·∫°c tiktok|tiktok remix|tiktok remix 2022|tiktok remix 2023|nhac xu huong tiktok|nh·∫°c xu h∆∞·ªõng tiktok|fiction|fiction remix|fiction shinncv|fiction shinncv remix|shinncv|shinncv remix|ban nhac huyen thoai|b·∫£n nh·∫°c huy·ªÅn tho·∫°i|phap su vn|ph√°p s∆∞ vn,44
2025-10-07T03:51:08+00:00,UCJV4dvSN1E08gC2-HU1ppyA,KOY Music Group,1OYxMdZvbQA,Havana - ƒêƒÉng Long Remix | Nh·∫°c Trend Xu H∆∞·ªõng Tiktok 2023,2023-09-04T08:31:43Z,52285,430,9,PT4M48S,288,10,koy|koy music|koy music group|nhac tiktok|nh·∫°c tiktok|tiktok remix|tiktok remix 2022|tiktok remix 2023|nhac xu huong tiktok|nh·∫°c xu h∆∞·ªõng tiktok,45
2025-10-07T03:51:08+00:00,UCJV4dvSN1E08gC2-HU1ppyA,KOY Music Group,PbqqtQxqhZM,[MIXTAPE] SI√äU PH·∫®M FRACTURES X FADED (THEREON REMIX) - WOLVES REMIX VIRAL TIKTOK 2023,2023-09-01T10:59:09Z,139645,2163,64,PT55M40S,3340,10,koy|koy music|koy music group|nhac tiktok|nh·∫°c tiktok|tiktok remix|tiktok remix 2022|tiktok remix 2023|nhac xu huong tiktok|nh·∫°c xu h∆∞·ªõng tiktok,46
2025-10-07T03:51:08+00:00,UCJV4dvSN1E08gC2-HU1ppyA,KOY Music Group,N740BI7ht4U,Ch√†o m·ª´ng em ƒë·∫øn v·ªõi nh√† c·ªßa b·ªçn anh (Thereon Remix) | Nh·∫°c Hot Trend Tiktok 2023,2023-08-28T10:30:12Z,1087318,7973,258,PT4M41S,281,10,koy|koy music|koy music group|nhac tiktok|nh·∫°c tiktok|tiktok remix|tiktok remix 2022|tiktok remix 2023|nhac xu huong tiktok|nh·∫°c xu h∆∞·ªõng tiktok|chao mung em den voi nha cua bon anh|ch√†o m·ª´ng em ƒë·∫øn v·ªõi nh√† c·ªßa b·ªçn anh|chao mung em den voi nha cua bon anh remix|ch√†o m·ª´ng em ƒë·∫øn v·ªõi nh√† c·ªßa b·ªçn anh remix|chao mung em den voi nha cua bon anh thereon remix|ch√†o m·ª´ng em ƒë·∫øn v·ªõi nh√† c·ªßa b·ªçn anh thereon remix|fractures|fractures thereon|fractures thereon remix|thereon,47
2025-10-07T03:51:08+00:00,UCJV4dvSN1E08gC2-HU1ppyA,KOY Music Group,OkFcegv5wMs,[MIXTAPE] NH·∫†C T·∫®M ƒê√Å VOL. 01 - WOLVES - TAMADA - HABIBI VER 2 (JAPAN REMIX) - HOT TIKTOK 2023,2023-08-25T10:46:17Z,116239,1668,44,PT49M5S,2945,10,koy|koy music|koy music group|nhac tiktok|nh·∫°c tiktok|tiktok remix|tiktok remix 2022|tiktok remix 2023|nhac xu huong tiktok|nh·∫°c xu h∆∞·ªõng tiktok,48
2025-10-07T03:51:08+00:00,UCJV4dvSN1E08gC2-HU1ppyA,KOY Music Group,XG6xDm1j4og,G·∫∑p Em ƒê√∫ng L√∫c - ƒêƒÉng Long Remix | Nh·∫°c Hoa Hot Tiktok 2023,2023-08-22T11:11:22Z,107807,1081,31,PT4M54S,294,10,koy|koy music|koy music group|nhac tiktok|nh·∫°c tiktok|tiktok remix|tiktok remix 2022|tiktok remix 2023|nhac xu huong tiktok|nh·∫°c xu h∆∞·ªõng tiktok,49
